{"cameraMode":{"drawMode":0,"name":"Shaded","section":"Shading Mode"},"sceneLighting":true,"audioPlay":false,"sceneViewState":{"m_AlwaysRefresh":false,"showFog":true,"showSkybox":true,"showFlares":true,"showImageEffects":true,"showParticleSystems":true,"showVisualEffectGraphs":true,"m_FxEnabled":true},"in2DMode":false,"pivot":{"x":1.9513014554977418,"y":0.4374008774757385,"z":-1.8774287700653077},"rotation":{"x":0.21131223440170289,"y":-0.027265742421150209,"z":0.005891742184758186,"w":0.9770287871360779},"size":1.5484086275100709,"orthographic":true}