{"cameraMode":{"drawMode":0,"name":"Shaded","section":"Shading Mode"},"sceneLighting":false,"audioPlay":false,"sceneViewState":{"m_AlwaysRefresh":false,"showFog":true,"showSkybox":false,"showFlares":true,"showImageEffects":true,"showParticleSystems":true,"showVisualEffectGraphs":true,"m_FxEnabled":true},"in2DMode":false,"pivot":{"x":0.773822546005249,"y":0.7341389060020447,"z":-3.9899964332580568},"rotation":{"x":0.2608887553215027,"y":-0.10315276682376862,"z":0.02804909273982048,"w":0.9594336748123169},"size":0.6928204298019409,"orthographic":false}