{"cameraMode":{"drawMode":0,"name":"Shaded","section":"Shading Mode"},"sceneLighting":false,"audioPlay":false,"sceneViewState":{"m_AlwaysRefresh":false,"showFog":true,"showSkybox":false,"showFlares":true,"showImageEffects":true,"showParticleSystems":true,"showVisualEffectGraphs":true,"m_FxEnabled":true},"in2DMode":false,"pivot":{"x":-1.1973233222961426,"y":0.20946554839611054,"z":-2.3078877925872804},"rotation":{"x":0.032543815672397616,"y":-0.7687185406684876,"z":0.039238426834344867,"w":0.6375570893287659},"size":0.4125322699546814,"orthographic":true}